Sabahudin;Hadzic;033/242-968;105. Brigade 41,
Mirsad;Sarajlic;062/324-188;Dalmatinska 96,
Aldin;Hadžihalilović;063/608-648;Džidžikovac 4,
Selim;Bećirović;033/461-135;Ejuba Ademovića 28,
Esad;Bajramović;062/470-734;Fikreta Ploče 90,
Zejnil;Nadarević;064/873-894;Franca Lehara 27,
Hazim;Mahmutovic;033/738-933;Zmaja Od Bosne 37,
Sead;Besic;033/634-293;Hadželi 33,
Džanan;Sušić;033/973-316;126. Ilijaške Brigade 43,
Alija;Smajic;033/279-128;Moševačka 26,
Šejla;Zukic;060/534-337;Polomska 42,
Rabija;Terzić;062/677-990;Vladajevići 15,
Meliha;Tanovic;033/452-220;Alibega Firdusa 11,
Kadira;Pačariz;064/117-125;Andreja Andrejevića 17,
Suada;Pasic;065/818-988;Ćamila Avdića 51,
Emira;Sehovic;033/334-693;Bužimska 58,
Amira;Beganovic;033/334-739;Devet Šehida 22,
Edina;Kurtovic;065/263-102;Feriza Tumbula 93,
Nazifa;Majstorović;063/148-144;Grada Bobovca 45,
Džemila;Salkic;062/940-333;Humačka Ploča 40,
Nijaz;Kovac;033/460-632;Samira Radovca 54,
Ekrem;Becirovic;062/377-568;Šukrije Pandže 39,
Ferid;Džeko;064/401-478;Trg Djeca Dobrinje 9,
Vedad;Bolić;062/704-496;Tuzlanska 26,
Selim;Kusturica;033/434-453;Vahide Maglajlić 100,
Sakib;Mesic;033/685-440;Begluk 30,
Musa;Simić;065/148-963;Bosanski Ljiljan 3,
Jašar;Mustafic;033/209-246;Ćamila Marića 41,
Sabahudin;Mujanovic;061/867-704;Davorina Popovića 29,
Adem;Ekmečić;061/573-684;Ejuba Sarajkića 3,
Jasmina;Redzic;033/838-132;Fadila Hadžića 80,
Mensura;Kapić;062/478-147;Kurta Schorka 47,
Šejla;Jusufovic;061/608-439;Lamekanija 86,
Sabiha;Sabic;033/406-730;Nedžada Delića 67,
Lamija;Kulenovic;062/568-171;Plavi Put 69,
Fahreta;Demirovic;060/608-296;Vidovci 8,
Fatima;Dodik;033/894-615;Aleja Lipa 14,
Ajša;Koroman;062/695-206;Derviša Numića 41,
Nihada;Kurjak;062/654-398;Behdžeta Mutevelića 71,
Ramiza;Dervisevic;033/366-315;Bulevar Meše Selimovića 73,
Halil;Mehmedovic;065/815-846;Ćamila Sijarića 49,
Mesud;Damjanović;033/623-213;Emerika Bluma 41,
Vildan;Janković;033/421-306;Ferde Hauptmana 37,
Sakib;Stanković;033/494-617;Fra Matije Divkovića 52,
Ferid;Bolić;062/376-232;Gornjovakufska 44,
Fahrudin;Bajić;033/361-739;Grbavička 53,
Rahim;Sehovic;062/957-656;Hamdije Čemerlića 70,
Almir;Cehajic;061/684-970;Muhameda Ridžanovića 8,
Kerim;Sakic;063/310-134;Mustafe Behmena 46,
Fuad;Šarić;033/383-380;Novopazarska 17,
